system_prompt,temperature,top_p,top_k,prompt,output,input_tokens,output_tokens,latency_sec
You are a helpful assistant.,0.0,0.95,,Describe what happens when you leave a glass of milk out of the fridge overnight.,"When you leave a glass of milk out of the fridge overnight, you are essentially creating a perfect environment for a biological and chemical transformation. Here is a breakdown of what happens:

### 1. Rapid Bacterial Growth
Milk is a nutrient-rich environment containing proteins, fats, and sugars (lactose). When milk is refrigerated, the cold temperature keeps the naturally occurring bacteria in a dormant or slow-growth state. 

Once the milk reaches room temperature (the ""Danger Zone,"" typically between 40°F and 140°F), bacteria—specifically **Lactic Acid Bacteria**—begin to multiply exponentially. These bacteria consume the lactose (milk sugar) and convert it into lactic acid.

### 2. The Curdling Process
As the lactic acid builds up, the pH level of the milk drops, making it more acidic. This change in acidity causes the milk proteins (specifically **casein**) to denature and clump together. 
*   **The result:** The milk separates into solid ""curds"" and a watery, translucent liquid called ""whey."" This is the same basic process used to make cheese, but because it is happening in an uncontrolled environment with wild bacteria, it is not safe to consume.

### 3. The Development of Off-Odors and Flavors
As the bacteria continue to break down the milk components, they release various byproducts, including volatile compounds. This is what causes the ""sour"" smell associated with spoiled milk. The taste will shift from creamy and sweet to sharp, acidic, and bitter.

### 4. The Risk of Pathogens
While lactic acid bacteria are generally responsible for the souring, leaving milk out also creates an environment where **pathogenic bacteria** (such as *Salmonella*, *E. coli*, or *Staphylococcus aureus*) can thrive if they were present in the milk or introduced from the environment. Unlike the lactic acid bacteria, these pathogens do not always produce a sour smell or visible curdling, meaning the milk could be dangerous to drink even if it doesn't look or smell ""that bad"" yet.

### Summary: Is it safe?
**No.** You should never drink milk that has been left out overnight. 

*   **The ""Sniff Test"" is unreliable:** Because some harmful bacteria do not produce a strong odor, you cannot rely on your nose to determine if the milk is safe.
*   **Health Risks:** Consuming spoiled milk can lead to food poisoning, resulting in symptoms like nausea, vomiting, abdominal cramps, and diarrhea. 

**The bottom line:** If milk has been sitting at room temperature for more than two hours, the safest course of action is to pour it down the drain.",24,561,3.28
You are a helpful assistant.,0.3,0.95,,Describe what happens when you leave a glass of milk out of the fridge overnight.,"When you leave a glass of milk out of the fridge overnight, you are essentially creating a biological laboratory. Because milk is rich in proteins, sugars (lactose), and fats, it is the perfect breeding ground for bacteria.

Here is the step-by-step process of what happens:

### 1. The Bacterial ""Bloom""
Milk is not sterile. Even pasteurized milk contains trace amounts of bacteria. When milk is refrigerated, these bacteria remain dormant or grow very slowly. Once the milk reaches room temperature (the ""Danger Zone"" between 40°F and 140°F), these bacteria begin to multiply exponentially.

### 2. The Fermentation Process
The primary bacteria involved are **Lactic Acid Bacteria** (such as *Lactococcus* and *Lactobacillus*). These bacteria feed on the lactose (milk sugar) and convert it into **lactic acid**. 

As the concentration of lactic acid increases, the pH level of the milk drops, making the environment more acidic.

### 3. Curdling (The Physical Change)
Milk contains a protein called **casein**. Under normal conditions, casein molecules stay suspended in the liquid. However, as the milk becomes more acidic due to the lactic acid, the structure of the casein proteins changes. They begin to clump together, forming solid ""curds,"" while the remaining liquid (the whey) separates. This is why the milk will look chunky or lumpy.

### 4. The Sensory Changes
*   **Smell:** As the bacteria break down the milk components, they produce various volatile compounds. The milk will develop a sharp, sour, or ""off"" odor that is unmistakable.
*   **Taste:** The lactic acid gives the milk a distinctively sour, tangy, or bitter flavor.
*   **Texture:** Beyond the visible curdling, the milk may become thick, slimy, or viscous due to the production of exopolysaccharides by certain bacteria.

### 5. The Safety Risk
While the process described above is essentially how cheese or yogurt is made, **you should never drink milk that has been left out overnight.**

*   **Pathogenic Bacteria:** While lactic acid bacteria are generally harmless, the warm environment also allows dangerous pathogens—such as *Salmonella*, *E. coli*, or *Staphylococcus aureus*—to thrive if they were present. These bacteria do not necessarily change the smell or taste of the milk, but they can cause severe food poisoning.
*   **Toxins:** Some bacteria produce heat-stable toxins that are not destroyed even if you were to boil the milk afterward.

**The Verdict:** If you leave milk out overnight, it has entered the ""Danger Zone"" for far too long (usually more than 2 hours). **It should be poured down the drain.** Do not taste it to see if it is ""still good,"" as the risk of foodborne illness is significant.",24,605,3.38
You are a helpful assistant.,0.7,0.95,,Describe what happens when you leave a glass of milk out of the fridge overnight.,"When you leave a glass of milk out of the fridge overnight, you are essentially creating a biological laboratory. Because milk is rich in proteins, sugars (lactose), and fats, it is the perfect breeding ground for bacteria.

Here is the step-by-step breakdown of what happens:

### 1. The Microbial ""Gold Rush""
Milk is not sterile. Even pasteurized milk contains small amounts of bacteria. When milk is kept at 40°F (4°C) or below, these bacteria remain dormant or grow very slowly. Once the milk reaches room temperature, the ""lag phase"" ends and the bacteria begin to multiply exponentially.

### 2. The Lactic Acid Process
The primary bacteria involved are **Lactic Acid Bacteria (LAB)**, such as *Lactococcus* and *Lactobacillus*. These bacteria feed on the lactose (milk sugar) in the milk and convert it into **lactic acid** as a byproduct of their metabolism.

### 3. The Curdling (Coagulation)
As the bacteria produce more lactic acid, the pH level of the milk drops, making it more acidic. Milk proteins, specifically **casein**, are very sensitive to pH changes. Under normal conditions, casein molecules repel each other, which keeps the milk liquid. 
* As the acidity increases, the casein molecules lose their negative charge and begin to clump together.
* This results in the formation of **curds** (the solid clumps) and **whey** (the translucent liquid left behind). This is essentially the same chemical process used to make cheese, but in this case, it is uncontrolled and unhygienic.

### 4. The Sensory Changes
By morning, the milk will have undergone several noticeable transformations:
* **Smell:** The milk will develop a sharp, sour, or ""off"" odor. This is caused by the lactic acid and other volatile organic compounds produced by the bacteria.
* **Texture:** It will thicken, become chunky, or turn into a gelatinous mass.
* **Taste:** It will taste intensely sour and acidic.

### 5. The Health Risk
While the bacteria involved in the natural souring of milk are often the same ""good"" bacteria used to make yogurt or kefir, **you should never drink milk that has been left out overnight.** 

Because the milk was left in an uncontrolled environment, there is no way to guarantee that only ""good"" bacteria colonized it. Pathogenic bacteria (such as *Staphylococcus aureus*, *E. coli*, or *Salmonella*) could have also contaminated the milk and produced toxins. These toxins are often **heat-stable**, meaning even if you boiled the milk, the toxins would remain and could cause severe food poisoning.

**The Bottom Line:** If you leave milk out overnight, the bacteria have had 8–10 hours to feast. It is no longer safe to drink, and it should be poured down the drain.",24,612,5.81
You are a helpful assistant.,1.0,0.95,,Describe what happens when you leave a glass of milk out of the fridge overnight.,"Leaving a glass of milk out on the counter overnight triggers a biological and chemical transformation. Because milk is a nutrient-rich environment, it acts as a playground for bacteria, leading to several noticeable changes by morning.

Here is what happens, step-by-step:

### 1. Bacterial Proliferation
Milk is essentially a ""culture medium"" for bacteria. Even if it was pasteurized, it is not sterile. When milk is kept in the fridge, the cold temperature slows the metabolic rate of any residual bacteria. Once it reaches room temperature (the ""Danger Zone,"" between 40°F and 140°F), bacteria—particularly **Lactic Acid Bacteria**—begin to multiply rapidly.

### 2. The Conversion of Lactose to Lactic Acid
The primary bacteria involved (*Lactobacillus* and others) begin consuming the lactose (milk sugar) in the milk. As they ""eat"" the sugar, they excrete lactic acid as a byproduct. As the concentration of lactic acid rises, the pH level of the milk drops, making the milk increasingly acidic.

### 3. Protein Coagulation (Curdling)
The increase in acidity causes the milk proteins, primarily **casein**, to change their structure. Under normal conditions, casein proteins repel each other, keeping them suspended in the liquid. As the pH drops, these proteins lose their charge and begin to clump together. This is the process of curdling: the milk separates into solid, white clumps (curds) and a thin, yellowish translucent liquid (whey).

### 4. Development of Off-Odors and Flavors
As the bacteria continue to break down the proteins and fats, they release volatile compounds. This is why spoiled milk develops that signature ""sour"" or ""funky"" smell. In some cases, if other types of bacteria are present, the milk may develop a putrid or bitter taste rather than a clean, lactic sourness.

### 5. Visible Changes
By the next morning, you will likely notice:
*   **Texture:** The milk will no longer be smooth. It may look chunky, thick, or lumpy.
*   **Smell:** A sharp, acidic odor will be immediately apparent as soon as you get close to the glass.
*   **Separation:** You may see a clear layer of liquid (whey) at the bottom or top of the glass, separated from the thicker, curdled solids.

### Should you drink it?
**No.** Leaving milk out for more than two hours at room temperature is sufficient for harmful pathogens (like *Salmonella*, *E. coli*, or *Staphylococcus aureus*) to reach levels that could cause food poisoning. Even if the milk doesn't smell ""off"" yet, it is scientifically unsafe to consume.

**Summary:** The milk has effectively begun the process of becoming ""sour milk"" or a very primitive form of cheese—but because it was exposed to ambient air and unknown bacteria rather than a controlled, food-grade culture, it is highly likely to be contaminated with spoilage organisms that will make you sick. **It belongs in the sink, not your stomach.**",24,655,3.54
You are a whimsical creative writer who loves vivid imagery.,0.0,0.95,,Describe what happens when you leave a glass of milk out of the fridge overnight.,"When the moon climbs high and the house settles into its rhythmic creaking, the glass of milk—abandoned on the countertop—begins its slow, silent metamorphosis. 

At first, it is merely a cool, porcelain-white pool, reflecting the silver slivers of moonlight that dance through the windowpane. But as the hours stretch, the milk forgets the crisp, arctic embrace of the refrigerator. It begins to wake up.

The warmth of the kitchen air acts like a slow-motion spell. The milk, once uniform and smooth as a silk ribbon, begins to lose its composure. Invisible, microscopic architects—the wild, wandering bacteria—begin their frantic, microscopic banquet. They feast upon the sugars, spinning a web of chemical alchemy that turns the sweet, innocent liquid into something sharp and brooding.

By the time the first gray fingers of dawn touch the horizon, the milk has surrendered its velvet texture. A subtle, sour tang begins to haunt the air, a ghost of a scent that whispers of curdled secrets. The surface, once a mirror, begins to wrinkle, forming a delicate, translucent skin—a pale, ghostly veil that shivers if you so much as breathe near it. 

Deep within the glass, the transformation deepens. The liquid begins to separate, shedding its creamy unity. It grows heavy and sullen, forming soft, snowy curds that drift like sunken icebergs in a sea of translucent, yellowish whey. It is no longer a drink; it is a science experiment in a tumbler, a thick, clotted landscape of souring potential.

When you finally return to it in the morning light, the glass holds not a refreshment, but a curdled relic—a thick, tangy testament to the passage of time and the relentless, invisible hunger of the world.",29,366,3.07
You are a whimsical creative writer who loves vivid imagery.,0.3,0.95,,Describe what happens when you leave a glass of milk out of the fridge overnight.,"As the moon completes its silent arc across the sky, the glass of milk undergoes a slow, curdling alchemy. 

In the cool, velvet dark, the milk begins to lose its crisp, glacial composure. The lively, microscopic inhabitants—the lactic acid bacteria—awaken from their slumber, sensing the creeping warmth of the room. They begin a frantic, invisible feast, devouring the milk’s natural sugars and exhaling a tangy, sharp perfume that begins to haunt the air.

By the time the first sliver of dawn touches the kitchen counter, the liquid has staged a quiet rebellion. The smooth, porcelain-white uniformity has fractured. A ghostly, translucent whey begins to weep from the body of the milk, pooling like thin, watery tears at the bottom of the glass. 

Above this, the milk has transformed into a landscape of curdled topography. It is no longer a drink, but a miniature, wobbling tundra—a landscape of soft, chalky craters and gelatinous islands that cling to the sides of the glass like stubborn barnacles. The surface, once a mirror for the moonlight, is now a dull, matte landscape, puckered and weary. 

It sits there in the morning light, a forgotten relic of yesterday’s thirst, smelling faintly of a damp, sour meadow, waiting for the inevitable journey to the drain.",29,277,2.46
You are a whimsical creative writer who loves vivid imagery.,0.7,0.95,,Describe what happens when you leave a glass of milk out of the fridge overnight.,"As the moon tracks its slow, silver arc across the sky, the glass of milk undergoes a quiet, curdling alchemy. 

At first, the milk remains a porcelain pool, smooth and innocent, reflecting the starlight like a captured piece of the Milky Way. But as the hours stretch into the velvet dark, the kitchen’s ambient warmth begins to whisper secrets to the molecules. The friendly bacteria, dormant and shivering in their refrigerated exile, suddenly find their voices. They begin a microscopic, frenzied waltz, exhaling a sour tang that thickens the air just above the rim.

By the time the first blush of dawn paints the horizon in bruised peaches and buttercup yellows, the transformation is complete. 

The fluid loses its liquid grace. It begins to weep, separating into a pale, translucent whey—a thin, watery ghost of its former self—and a dense, snowy archipelago of curds. These curds clump together like tiny, jagged icebergs of cheese, clinging to the glass in a defiant, lumpy crust. The pristine white has taken on a matte, chalky quality, reminiscent of dried plaster or the belly of a cloud.

When the sun finally spills across the countertop, the glass stands as a monument to neglect. It is no longer a drink, but a miniature, curdled ecosystem—a sour, clotted landscape that smells faintly of old memories and sharpened vinegar, waiting for the sink to reclaim its weary, fermented soul.",29,299,2.46
You are a whimsical creative writer who loves vivid imagery.,1.0,0.95,,Describe what happens when you leave a glass of milk out of the fridge overnight.,"Ah, the tragedy of the forgotten glass. When the sun dips below the horizon and the refrigerator hums its lonely lullaby, a glass of milk left on the counter undergoes a slow, curdling alchemy—a transformation best described as a ""dairy rebellion.""

At first, the milk sits in innocent, porcelain silence, wearing a glossy, satin sheen. But as the hours stretch into the velvet dark, the temperature creeps upward, and the milk—long accustomed to the crisp, arctic embrace of the fridge—begins to lose its cool. It feels the tickle of room-temperature air, and the microscopic life forms resting within wake from their refrigerated slumber with a ravenous, chaotic glee.

The bacteria begin their industrious feast, performing a slow-motion rave in the depths of the liquid. They break down the milk’s sugars, spinning them into a tang that turns sweet into sour, crisp into heavy. 

As the dawn light begins to bleach the kitchen floor, you might notice the change. The once-uniform silkiness begins to fray. A subtle, ghostly film—a veil of fat—creeps to the surface, looking less like a refreshing drink and more like a translucent, curdled skin. The liquid beneath loses its opaque glow, thickening into a stubborn, lumpy suspension. 

It is a transformation of textures: the smooth becomes chunky, the fresh becomes funky, and the drink that was meant to soothe a cookie now hums with the sharp, acidic warning of a chemistry experiment gone rogue. By mid-morning, the glass is no longer a vessel for refreshment; it is a miniature, bubbling swamp of sour intentions, a testament to the fact that time waits for no one—least of all a glass of dairy.",29,356,2.6
You are a precise technical assistant. Be factual and concise.,0.0,0.95,,Describe what happens when you leave a glass of milk out of the fridge overnight.,"When milk is left out of the refrigerator overnight (typically 8+ hours at room temperature), several chemical and biological changes occur:

1.  **Bacterial Proliferation:** Milk is a nutrient-rich environment. Naturally occurring lactic acid bacteria (such as *Lactococcus* and *Lactobacillus*) begin to multiply rapidly in the ""danger zone"" (40°F–140°F / 4°C–60°C).
2.  **Acidification:** These bacteria consume the lactose (milk sugar) and convert it into lactic acid. This causes the pH level of the milk to drop, making it increasingly acidic.
3.  **Coagulation (Curdling):** As the pH drops, the milk proteins (primarily casein) lose their stability and begin to clump together. This results in the separation of the milk into solid curds and liquid whey.
4.  **Spoilage and Odor:** The metabolic activity of bacteria produces volatile organic compounds, resulting in a sour, pungent, or ""off"" odor.
5.  **Pathogen Risk:** While lactic acid bacteria are generally harmless, the warm environment also allows for the potential growth of harmful pathogens (such as *Salmonella*, *E. coli*, or *Staphylococcus aureus*) if they were present in the milk or introduced via contamination.

**Conclusion:** The milk is no longer safe to consume. Even if it does not smell or look significantly curdled, the high concentration of bacteria and potential toxins makes it a food safety hazard. It should be discarded.",30,323,2.11
You are a precise technical assistant. Be factual and concise.,0.3,0.95,,Describe what happens when you leave a glass of milk out of the fridge overnight.,"When milk is left out of the refrigerator overnight (at room temperature), several biological and chemical processes occur:

1.  **Bacterial Proliferation:** Milk is a nutrient-rich environment. Naturally occurring bacteria, such as *Lactococcus* and *Lactobacillus*, begin to multiply rapidly once the milk exits the ""danger zone"" (below 40°F/4°C).
2.  **Fermentation (Souring):** These bacteria consume the lactose (milk sugar) and convert it into lactic acid. This process lowers the pH of the milk, causing it to become acidic and develop a sour taste and smell.
3.  **Coagulation:** As the pH drops, the milk proteins (primarily casein) lose their structure and begin to clump together. This causes the milk to thicken, curdle, or separate into solids (curds) and a watery liquid (whey).
4.  **Pathogen Risk:** While the lactic acid bacteria are generally harmless in controlled fermentation, leaving milk out also allows for the potential growth of harmful pathogens (such as *Salmonella*, *E. coli*, or *Staphylococcus aureus*) if they were present in the milk. These can cause foodborne illness.

**Conclusion:** The milk will undergo spoilage, resulting in a sour odor, altered texture, and a high risk of foodborne pathogens. **It should be discarded and not consumed.**",30,291,2.16
You are a precise technical assistant. Be factual and concise.,0.7,0.95,,Describe what happens when you leave a glass of milk out of the fridge overnight.,"When milk is left at room temperature overnight, the following processes occur:

1.  **Bacterial Proliferation:** Naturally occurring lactic acid bacteria (such as *Lactococcus* and *Lactobacillus*) begin to multiply rapidly. These bacteria consume the lactose (milk sugar) and convert it into lactic acid.
2.  **Acidification:** As lactic acid accumulates, the pH level of the milk drops. This increasing acidity causes the milk proteins (primarily casein) to denature and coagulate, resulting in the characteristic thick, lumpy texture known as ""curdling.""
3.  **Spoilage and Pathogens:** While lactic acid bacteria are often responsible for souring, room-temperature conditions also allow for the growth of spoilage microorganisms and potentially dangerous pathogens (such as *Staphylococcus aureus* or *Bacillus cereus*).
4.  **Sensory Changes:** The milk will develop a sour, sharp odor and a tart or acidic taste. The texture will transition from a liquid to a semi-solid or curdled state.

**Safety Warning:** Milk left out for more than two hours at room temperature enters the ""Danger Zone"" (40°F–140°F / 4°C–60°C), where bacteria grow at an unsafe rate. **It should be discarded and not consumed, even if it does not yet smell sour.**",30,285,2.15
You are a precise technical assistant. Be factual and concise.,1.0,0.95,,Describe what happens when you leave a glass of milk out of the fridge overnight.,"When milk is left at room temperature overnight, the following processes occur:

1.  **Bacterial Proliferation:** Naturally occurring lactic acid bacteria (such as *Lactococcus* and *Lactobacillus*) begin to multiply rapidly. These bacteria consume the lactose (milk sugar) and convert it into lactic acid.
2.  **Acidification:** As lactic acid accumulates, the pH level of the milk drops. 
3.  **Curdling:** Once the pH reaches the isoelectric point of casein (the primary protein in milk, approximately pH 4.6), the proteins denature and coagulate. This causes the milk to thicken, develop a lumpy texture (""curds""), and separate from the liquid whey.
4.  **Spoilage and Odor:** In addition to lactic acid bacteria, opportunistic spoilage organisms (yeasts and molds) and potentially harmful bacteria (such as *Bacillus cereus*) may proliferate. This produces off-flavors, a sour taste, and a pungent, unpleasant odor.
5.  **Safety Risk:** Because milk is a nutrient-rich, low-acid environment, it is highly susceptible to the growth of pathogenic bacteria if it remains in the ""Danger Zone"" (40°F–140°F / 4°C–60°C) for more than two hours. **Consuming milk left out overnight is unsafe and poses a significant risk of foodborne illness.**",30,298,1.83
You are a helpful assistant.,1.0,0.5,,Describe what happens when you leave a glass of milk out of the fridge overnight.,"When you leave a glass of milk out of the fridge overnight, you are essentially creating a perfect environment for a biological and chemical transformation. Here is a breakdown of what happens:

### 1. The ""Danger Zone"" and Bacterial Growth
The most critical factor is temperature. Bacteria, such as *Lactobacillus*, naturally exist in milk. In a refrigerated environment (below 40°F/4°C), these bacteria remain dormant or grow very slowly. 

Once the milk reaches room temperature, it enters the **""Danger Zone""** (between 40°F and 140°F). In this range, bacteria multiply exponentially. Within a few hours, the population of bacteria can explode from a few hundred to millions.

### 2. Fermentation (Souring)
As the bacteria consume the lactose (milk sugar) for energy, they produce **lactic acid** as a byproduct. This process is known as fermentation. 
*   **The Change in pH:** As the lactic acid builds up, the pH level of the milk drops, making it increasingly acidic.
*   **The Smell and Taste:** This acidity is what gives spoiled milk its characteristic sharp, sour, and ""off"" smell and taste.

### 3. Curdling
Milk contains a protein called **casein**. Under normal conditions, casein molecules are suspended in the liquid. However, they are sensitive to pH levels. 
*   As the milk becomes more acidic due to the lactic acid, the casein proteins lose their stability and begin to clump together. 
*   This causes the milk to ""curdle,"" separating into solid white chunks (curds) and a thin, yellowish liquid (whey).

### 4. The Risk of Pathogens
While the souring process described above is caused by ""good"" or spoilage bacteria, leaving milk out also creates an environment where **pathogenic (harmful) bacteria** can thrive. Bacteria like *Salmonella*, *E. coli*, or *Staphylococcus aureus* can grow rapidly in unrefrigerated milk. 

Unlike the souring bacteria, these pathogens do not always change the smell or appearance of the milk, meaning you could potentially consume contaminated milk without realizing it.

### The Verdict: Can you drink it?
**No.** You should never drink milk that has been left out overnight. 

Even if it doesn't smell sour yet, the bacterial load is likely high enough to cause food poisoning. Symptoms of consuming spoiled or contaminated milk can include nausea, vomiting, abdominal cramps, and diarrhea. **When in doubt, throw it out.**",24,541,2.87
You are a helpful assistant.,0.7,0.95,1,Describe what happens when you leave a glass of milk out of the fridge overnight.,"When you leave a glass of milk out of the fridge overnight, you are essentially creating a biological laboratory. Because milk is rich in proteins, sugars (lactose), and fats, it is the perfect breeding ground for bacteria.

Here is the step-by-step process of what happens:

### 1. The Microbial ""Gold Rush""
Milk is not sterile. Even after pasteurization, trace amounts of bacteria remain. When milk is refrigerated, these bacteria are dormant. However, once the milk reaches room temperature (the ""Danger Zone"" between 40°F and 140°F), these bacteria begin to multiply at an exponential rate.

### 2. The Conversion of Lactose to Lactic Acid
The primary bacteria involved (often *Lactobacillus* and *Streptococcus* species) begin consuming the lactose (milk sugar). As they metabolize the sugar, they excrete **lactic acid** as a byproduct. 

### 3. Coagulation (Curdling)
As the concentration of lactic acid rises, the pH level of the milk drops, making it more acidic. This acidity causes the milk proteins—specifically **casein**—to lose their structure and clump together. This is what creates the ""curds."" The liquid remaining around these clumps is the **whey**. This is why the milk will appear thick, lumpy, or separated by morning.

### 4. The Sensory Changes
*   **Smell:** As the bacteria break down the proteins and fats, they release volatile compounds. This results in the characteristic sour, pungent, or ""off"" odor associated with spoiled milk.
*   **Taste:** If you were to taste it (which you should **never** do), it would be sharply acidic or bitter.
*   **Texture:** Beyond the visible curds, the milk may become slimy or viscous due to the bacterial colonies themselves.

### 5. The Safety Risk
While the process described above is technically a form of fermentation (similar to how yogurt or cheese is made), **you cannot safely replicate this at home.** 

Controlled fermentation uses specific, safe bacterial cultures. When you leave milk out, you are inviting ""wild"" bacteria to take over. This includes potential pathogens like *Salmonella*, *E. coli*, or *Listeria*. These harmful bacteria do not always produce a foul smell or obvious curdling, meaning you could be consuming dangerous toxins even if the milk looks ""mostly fine.""

**The bottom line:** Once milk has been left out for more than two hours, it is considered unsafe. It should be poured down the drain, and the glass should be thoroughly washed. **When in doubt, throw it out.**",24,559,2.87
You are a whimsical creative writer who loves vivid imagery.,1.5,0.95,,Describe what happens when you leave a glass of milk out of the fridge overnight.,"Under the silver moonlight, the glass of milk undergoes a slow, ghostly transformation—a culinary alchemy performed in the shadows of the kitchen counter.

At first, the milk is a mirror of cool porcelain, a still pond of pale, ivory velvet. But as the clock creeps toward the witching hour, the molecules begin their rebellious jig. Deprived of the frigid cage of the refrigerator, the milk begins to **awaken**.

Deep within the vessel, the proteins lose their composure. They begin to tie themselves into microscopic, invisible knots, shrugging off the liquid state to seek a new, firmer identity. The silky homogeneity fractures; a delicate, gelatinous film begins to stitch itself across the surface—a translucent, shivering shroud that looks like the skin of a drum played by unseen sprites.

Meanwhile, the local bacterial flora, once dormant and obedient, find their grand ballroom opening. They dance and multiply, turning the once-sweet nectar into a tangy, zingy opera of sourness. The liquid loses its liquid grace; it becomes heavy, thick, and weary. 

By the time the sun bleeds its first orange light through the window blinds, the transformation is complete. The glass no longer holds a simple drink; it holds a relic of the night’s work. The milk has curdled into a landscape of weeping solids—clumps of snow-white matter separated by pools of translucent, greenish-yellow whey. It stands there, smelling sharply of rebellion and farmhouse secrets, a silent, clotted testament to the wild, messy power of letting things go.",29,321,2.15
